{
  "best_metric": 0.11617913842201233,
  "best_model_checkpoint": "vit results/cifake\\checkpoint-1563",
  "epoch": 1.0,
  "eval_steps": 500,
  "global_step": 1563,
  "is_hyper_param_search": false,
  "is_local_process_zero": true,
  "is_world_process_zero": true,
  "log_history": [
    {
      "epoch": 0.32,
      "grad_norm": 1.140637993812561,
      "learning_rate": 2.1077329808327824e-06,
      "loss": 0.4635,
      "step": 500
    },
    {
      "epoch": 0.64,
      "grad_norm": 2.5881850719451904,
      "learning_rate": 1.1163251817580966e-06,
      "loss": 0.1506,
      "step": 1000
    },
    {
      "epoch": 0.96,
      "grad_norm": 0.897315263748169,
      "learning_rate": 1.2491738268341044e-07,
      "loss": 0.1216,
      "step": 1500
    },
    {
      "epoch": 1.0,
      "eval_loss": 0.11617913842201233,
      "eval_runtime": 436.6502,
      "eval_samples_per_second": 45.803,
      "eval_steps_per_second": 0.717,
      "step": 1563
    }
  ],
  "logging_steps": 500,
  "max_steps": 1563,
  "num_input_tokens_seen": 0,
  "num_train_epochs": 1,
  "save_steps": 500,
  "total_flos": 7.7491989614592e+18,
  "train_batch_size": 64,
  "trial_name": null,
  "trial_params": null
}
